DrugBank ID,Name,Similarity
DB00678,Losartan,1.0
DB01029,Irbesartan,0.5138888888888888
DB01342,Forasartan,0.4861111111111111
DB00177,Valsartan,0.44
DB01349,Tasosartan,0.43243243243243246
DB09279,Fimasartan,0.4268292682926829
DB00275,Olmesartan,0.3875
DB13919,Candesartan,0.32142857142857145
DB00966,Telmisartan,0.3103448275862069
